Class,Accuracy
Class 0,0.7142857142857143
Class 1,0.5833333333333334
Class 2,0.8
Class 3,0.0
Class 4,0.0
Class 5,0.5
Class 6,0.5238095238095238
Class 7,0.36666666666666664
Class 8,0.8529411764705882
Class 9,0.5
Class 10,0.0
